state_id,state_label,condition,description,damaged,repetition,f2_hz,f3_hz,f4_hz,z2_pct,z3_pct,z4_pct,ch5_mean,ch5_std,ch5_skewness,ch5_kurtosis,ch5_rms,ar1,ar2,ar3,ar4,ar5,corr_ch2_ch5,corr_ch3_ch5,corr_ch4_ch5,gap_mm
1,State #1,Undamaged,Baseline condition,0,1,30.7,54.2,70.7,6.3,2.0,0.97,0.00044146121945232153,0.11633486300706863,0.018258219584822655,-0.013535919599235058,0.11633570492267609,0.019040578976273537,-0.5868073105812073,0.04663050174713135,-0.6908199191093445,-0.08672477304935455,0.04241958565808233,-0.029734613625408825,-0.00541414832155858,0.0
1,State #1,Undamaged,Baseline condition,0,2,30.7,54.2,70.7,6.3,2.0,0.97,0.00034141854848712683,0.11666827648878098,-0.034472398459911346,-0.05415764078497887,0.11666877567768097,0.024795597419142723,-0.5899350047111511,0.04767942801117897,-0.6925193667411804,-0.0850394144654274,0.0054960326502844145,0.014367621160946536,-0.016632881744777426,0.0
1,State #1,Undamaged,Baseline condition,0,3,30.7,54.2,70.7,6.3,2.0,0.97,0.00019928520487155765,0.11655380576848984,0.02136336639523506,-0.060520611703395844,0.11655397713184357,-0.020633414387702942,-0.5866900682449341,0.014957829378545284,-0.6746067404747009,-0.11392789334058762,-0.02212635005660803,-0.0006695883106936608,0.001112385995403795,0.0
1,State #1,Undamaged,Baseline condition,0,4,30.7,54.2,70.7,6.3,2.0,0.97,0.0001845948281697929,0.11623565107584,-0.0024256769102066755,-0.07109275460243225,0.11623580008745193,-0.0005052120541222394,-0.601452112197876,0.020309465005993843,-0.6926482915878296,-0.10883820801973343,-0.006393086614858854,-0.001315490007223225,-0.017476524476716684,0.0
1,State #1,Undamaged,Baseline condition,0,5,30.7,54.2,70.7,6.3,2.0,0.97,-0.0007237223908305168,0.11698190867900848,-0.008109759539365768,0.20813047885894775,0.11698414385318756,0.0022383714094758034,-0.5946564078330994,0.030872594565153122,-0.6860487461090088,-0.09914595633745193,0.005321501537256534,-0.0007232104936021848,-0.015504178764805518,0.0
1,State #1,Undamaged,Baseline condition,0,6,30.7,54.2,70.7,6.3,2.0,0.97,0.00016596628120169044,0.11690609157085419,-0.056784018874168396,0.0020484854467213154,0.11690621078014374,0.02054082229733467,-0.587200939655304,0.052341047674417496,-0.6831700801849365,-0.08425591140985489,0.005187419264959265,-0.0004881707622900079,0.02711659822671432,0.0
1,State #1,Undamaged,Baseline condition,0,7,30.7,54.2,70.7,6.3,2.0,0.97,0.00021685086539946496,0.1164892315864563,0.009425525553524494,0.05381598323583603,0.11648943275213242,0.016622403636574745,-0.5992740392684937,0.03169175237417221,-0.7010406851768494,-0.09776930510997772,0.0030015789142092686,0.019636025906246062,-0.008564113377733499,0.0
1,State #1,Undamaged,Baseline condition,0,8,30.7,54.2,70.7,6.3,2.0,0.97,-0.00013494280574377626,0.11686863005161285,-0.03190646320581436,-0.02932116575539112,0.11686871200799942,0.020578334107995033,-0.5955733060836792,0.04629714787006378,-0.6901527643203735,-0.08386203646659851,0.026221705869450235,0.04076266419979842,0.012954004920851527,0.0
1,State #1,Undamaged,Baseline condition,0,9,30.7,54.2,70.7,6.3,2.0,0.97,-0.0003685627889353782,0.11644484847784042,0.012399207800626755,0.001588827813975513,0.11644542962312698,-0.011121360585093498,-0.6046445965766907,0.010039480403065681,-0.7016392946243286,-0.11315590143203735,-0.00013620037306126767,-0.02080353239248399,-0.009766391153923809,0.0
1,State #1,Undamaged,Baseline condition,0,10,30.7,54.2,70.7,6.3,2.0,0.97,0.000496334454510361,0.11621701717376709,-0.010654804296791553,0.0023199678398668766,0.11621807515621185,0.012441718950867653,-0.5893165469169617,0.04207788035273552,-0.6791244149208069,-0.09123235195875168,0.045208332451663835,0.010132693598293482,0.0007714715172995834,0.0
2,State #2,Undamaged,Mass = 1.2 kg at the base,0,1,30.4,52.9,70.3,6.4,1.5,0.76,0.00030394006171263754,0.11651547998189926,-0.018608635291457176,-0.021660052239894867,0.1165158748626709,0.057143066078424454,-0.5965399146080017,0.08771207928657532,-0.7065057754516602,-0.0357542484998703,-0.02038494017577408,0.020995385160174827,0.05106904370421577,0.0
2,State #2,Undamaged,Mass = 1.2 kg at the base,0,2,30.4,52.9,70.3,6.4,1.5,0.76,-3.1824602046981454e-06,0.11656831204891205,0.020360810682177544,0.03503817319869995,0.11656831204891205,0.07895629853010178,-0.5857319831848145,0.11608663201332092,-0.701443612575531,-0.014417292550206184,-0.002504912798564009,-0.028571900481150134,0.005802753902502259,0.0
2,State #2,Undamaged,Mass = 1.2 kg at the base,0,3,30.4,52.9,70.3,6.4,1.5,0.76,1.9680031982716173e-05,0.11640511453151703,2.591404154372867e-06,0.00228366837836802,0.11640511453151703,0.04977591708302498,-0.5869696140289307,0.0839424878358841,-0.7100321650505066,-0.04294239729642868,0.03307755772160001,0.0027399094254977976,0.04074669065877365,0.0
2,State #2,Undamaged,Mass = 1.2 kg at the base,0,4,30.4,52.9,70.3,6.4,1.5,0.76,-0.0005550479399971664,0.11690189689397812,-0.009817433543503284,0.03751713037490845,0.11690320819616318,0.0680323988199234,-0.6102010011672974,0.10168434679508209,-0.7148377299308777,-0.02145533077418804,0.02416804068268075,-0.02186461633060082,-0.007880531922221597,0.0
2,State #2,Undamaged,Mass = 1.2 kg at the base,0,5,30.4,52.9,70.3,6.4,1.5,0.76,0.0003387169272173196,0.11624489724636078,-0.002869762945920229,-0.07604357600212097,0.11624538153409958,0.057244256138801575,-0.5963507294654846,0.08726581931114197,-0.716504693031311,-0.0374218188226223,0.003605885634375266,0.02206554982949538,-0.01048662055378675,0.0
2,State #2,Undamaged,Mass = 1.2 kg at the base,0,6,30.4,52.9,70.3,6.4,1.5,0.76,-0.0005604738835245371,0.11725536733865738,0.0022059204056859016,0.0123685197904706,0.11725670844316483,0.06816036999225616,-0.588490903377533,0.10067474842071533,-0.7093795537948608,-0.02796056680381298,0.04421879599577101,-0.03547481285790132,0.007004695383473953,0.0
2,State #2,Undamaged,Mass = 1.2 kg at the base,0,7,30.4,52.9,70.3,6.4,1.5,0.76,0.00026940321549773216,0.11701665818691254,-0.011904322542250156,0.047531839460134506,0.11701696366071701,0.06525731831789017,-0.5977835655212402,0.09601956605911255,-0.7161571979522705,-0.030643483623862267,0.03693571993063552,-0.004383070818134621,0.02192022555772912,0.0
2,State #2,Undamaged,Mass = 1.2 kg at the base,0,8,30.4,52.9,70.3,6.4,1.5,0.76,0.0004818145534954965,0.11654456704854965,-0.0010369428200647235,0.0315338671207428,0.11654556542634964,0.06464537233114243,-0.5971165299415588,0.09386804699897766,-0.7139685153961182,-0.030699199065566063,0.034850389225919313,-0.04255160812372409,0.01350635300638091,0.0
2,State #2,Undamaged,Mass = 1.2 kg at the base,0,9,30.4,52.9,70.3,6.4,1.5,0.76,-2.549585042288527e-05,0.11684615910053253,-0.00518449954688549,0.13763423264026642,0.11684615910053253,0.0788104310631752,-0.5909740328788757,0.11253806203603745,-0.7076224088668823,-0.016962405294179916,0.011223089158712122,0.029739282700975398,0.007981907039853992,0.0
2,State #2,Undamaged,Mass = 1.2 kg at the base,0,10,30.4,52.9,70.3,6.4,1.5,0.76,-2.0919469534419477e-05,0.11656081676483154,0.031876564025878906,-0.024225039407610893,0.11656081676483154,0.05863116681575775,-0.6010103821754456,0.09209346771240234,-0.7141180038452148,-0.033549342304468155,-0.031182100648593912,0.024112649634288007,-0.00624637304588884,0.0
3,State #3,Undamaged,Mass = 1.2 kg on the 1st floor,0,1,30.9,53.1,68.2,5.5,2.1,0.82,-5.259376484900713e-05,0.11685791611671448,-0.02859152853488922,-0.007706234697252512,0.11685793101787567,0.01884172298014164,-0.6245242357254028,0.12455159425735474,-0.801693856716156,0.017134925350546837,0.008178705490631709,0.002862076497659669,0.014806784325830876,0.0
3,State #3,Undamaged,Mass = 1.2 kg on the 1st floor,0,2,30.9,53.1,68.2,5.5,2.1,0.82,-0.00023830568534322083,0.11688109487295151,-0.024213330820202827,0.051153767853975296,0.1168813407421112,0.006834561470896006,-0.6395564675331116,0.10725483298301697,-0.8154746294021606,0.005387286655604839,-0.007717643573610058,-0.01639854808979932,-0.01813898185426551,0.0
3,State #3,Undamaged,Mass = 1.2 kg on the 1st floor,0,3,30.9,53.1,68.2,5.5,2.1,0.82,-0.0003678050416056067,0.11622151732444763,0.0040939608588814735,-0.13507388532161713,0.11622209846973419,0.032011352479457855,-0.6316487193107605,0.1356353610754013,-0.8089290261268616,0.027310175821185112,-0.01028285936279199,0.0010390418194372315,0.0077692719264145305,0.0
3,State #3,Undamaged,Mass = 1.2 kg on the 1st floor,0,4,30.9,53.1,68.2,5.5,2.1,0.82,0.00019574168254621327,0.11644967645406723,0.019690295681357384,-0.00013657184899784625,0.11644984036684036,0.023701531812548637,-0.6421800851821899,0.11671856790781021,-0.8189319968223572,0.011783885769546032,-0.0002564594426686486,0.011496596056471802,0.0027847159965518867,0.0
3,State #3,Undamaged,Mass = 1.2 kg on the 1st floor,0,5,30.9,53.1,68.2,5.5,2.1,0.82,0.0005249129026196897,0.11631778627634048,-0.0015014029340818524,-0.02662011794745922,0.1163189709186554,0.02784985490143299,-0.6306922435760498,0.12689955532550812,-0.8105109333992004,0.017284421250224113,0.02637467182098091,0.046940122995153204,-0.010905307792526213,0.0
3,State #3,Undamaged,Mass = 1.2 kg on the 1st floor,0,6,30.9,53.1,68.2,5.5,2.1,0.82,6.678965291939676e-06,0.1168150082230568,0.015968794003129005,0.025454401969909668,0.1168150082230568,0.019225161522626877,-0.6391674280166626,0.11868681758642197,-0.8102229833602905,0.011789992451667786,0.02655233178333763,0.0011618414502019675,0.0036383995973769388,0.0
3,State #3,Undamaged,Mass = 1.2 kg on the 1st floor,0,7,30.9,53.1,68.2,5.5,2.1,0.82,-5.859374505234882e-05,0.11706037074327469,-0.004975980147719383,0.18235376477241516,0.11706038564443588,0.007433670572936535,-0.6378099322319031,0.1068204939365387,-0.8215852975845337,0.002954585710540414,0.02364109785195271,0.008660021590412953,0.025531652365636877,0.0
3,State #3,Undamaged,Mass = 1.2 kg on the 1st floor,0,8,30.9,53.1,68.2,5.5,2.1,0.82,-0.0003427259507589042,0.11696159094572067,-0.00969746708869934,0.015722043812274933,0.11696209013462067,0.010693293064832687,-0.638816237449646,0.11461570858955383,-0.8145387172698975,0.009991883300244808,-0.041646811726055194,-0.008249589840955088,-0.013236171816313987,0.0
3,State #3,Undamaged,Mass = 1.2 kg on the 1st floor,0,9,30.9,53.1,68.2,5.5,2.1,0.82,0.00018040655413642526,0.11726099997758865,-0.02108285203576088,-0.11584724485874176,0.11726114153862,0.025108259171247482,-0.6388587355613708,0.1300961822271347,-0.816440999507904,0.022052384912967682,-0.010259430644915404,0.015164825279704407,-0.01692351147834765,0.0
3,State #3,Undamaged,Mass = 1.2 kg on the 1st floor,0,10,30.9,53.1,68.2,5.5,2.1,0.82,2.189223960158415e-05,0.11690458655357361,0.02029448002576828,-0.13429151475429535,0.1169045940041542,0.033103179186582565,-0.6426171064376831,0.13825149834156036,-0.8190140128135681,0.03006778284907341,0.016024943839375184,0.04253691565750074,0.04145799868334734,0.0
4,State #4,Undamaged,87.5% stiffness reduction in column 1BD,0,1,30.9,51.2,69.2,7.1,2.2,0.55,0.00040740633266977966,0.11684633046388626,-0.017377667129039764,-0.0019256358500570059,0.11684703826904297,0.1471758335828781,-0.6037619709968567,0.17083173990249634,-0.7775151133537292,0.04463379085063934,0.005720330730838035,-0.00730682177941168,-0.05146804287910073,0.0
4,State #4,Undamaged,87.5% stiffness reduction in column 1BD,0,2,30.9,51.2,69.2,7.1,2.2,0.55,0.00028825728804804385,0.1166316494345665,-0.0037633939646184444,-0.014999274164438248,0.11663200706243515,0.1525166779756546,-0.6105911731719971,0.1907838135957718,-0.7736279964447021,0.06652812659740448,-0.014417227157318397,0.024816438738849263,0.003413321611746245,0.0
4,State #4,Undamaged,87.5% stiffness reduction in column 1BD,0,3,30.9,51.2,69.2,7.1,2.2,0.55,0.0003412302758079022,0.11614923924207687,-0.0037857971619814634,0.021648265421390533,0.11614973843097687,0.15825995802879333,-0.6130527853965759,0.19177190959453583,-0.7714210748672485,0.07018106430768967,-0.016462026685737034,0.016571128133437103,-0.010794642522637307,0.0
4,State #4,Undamaged,87.5% stiffness reduction in column 1BD,0,4,30.9,51.2,69.2,7.1,2.2,0.55,-0.00025823648320510983,0.11651334911584854,-0.010734706185758114,0.10063306987285614,0.11651363223791122,0.13838960230350494,-0.6042725443840027,0.17169152200222015,-0.7751320600509644,0.04829324036836624,0.01178553349862391,0.016599736265554794,0.012790953124868323,0.0
4,State #4,Undamaged,87.5% stiffness reduction in column 1BD,0,5,30.9,51.2,69.2,7.1,2.2,0.55,0.00035782414488494396,0.11670195311307907,6.987482629483566e-05,-0.15144771337509155,0.11670250445604324,0.16091161966323853,-0.6073674559593201,0.20000962913036346,-0.7766816020011902,0.07044725865125656,0.008721080470346363,-0.009124113874972431,0.026871659307417646,0.0
4,State #4,Undamaged,87.5% stiffness reduction in column 1BD,0,6,30.9,51.2,69.2,7.1,2.2,0.55,0.00019667053129523993,0.11684020608663559,0.004258172120898962,-0.05598165839910507,0.11684036999940872,0.16429302096366882,-0.606072723865509,0.20117470622062683,-0.7773944139480591,0.07257747650146484,-0.01493221643862079,0.026146559955356825,-0.030097694617781657,0.0
4,State #4,Undamaged,87.5% stiffness reduction in column 1BD,0,7,30.9,51.2,69.2,7.1,2.2,0.55,-0.0004011502314824611,0.11649986356496811,-0.01568477787077427,-0.06136509031057358,0.11650055646896362,0.15247796475887299,-0.6138745546340942,0.18654468655586243,-0.7779623866081238,0.06365320831537247,-0.011064781021671414,-0.02639229880838271,0.01482184801947429,0.0
4,State #4,Undamaged,87.5% stiffness reduction in column 1BD,0,8,30.9,51.2,69.2,7.1,2.2,0.55,-0.0002345218090340495,0.11625939607620239,0.01933087781071663,-0.14174999296665192,0.1162596344947815,0.14688053727149963,-0.6169002652168274,0.183752179145813,-0.7782531976699829,0.062403831630945206,-0.01083200676389275,0.038517201081674564,-0.0402055312006194,0.0
4,State #4,Undamaged,87.5% stiffness reduction in column 1BD,0,9,30.9,51.2,69.2,7.1,2.2,0.55,0.00020081196271348745,0.11687638610601425,0.006796589586883783,0.07780565321445465,0.11687655746936798,0.1485212743282318,-0.6096121072769165,0.17766226828098297,-0.7803024649620056,0.05606336146593094,0.01915986528283003,-0.007980580545026017,0.026065452383117933,0.0
4,State #4,Undamaged,87.5% stiffness reduction in column 1BD,0,10,30.9,51.2,69.2,7.1,2.2,0.55,-0.0003505909990053624,0.11662570387125015,-0.04569321125745773,-0.11879563331604004,0.11662624031305313,0.14656609296798706,-0.6095771789550781,0.17808769643306732,-0.7764677405357361,0.05260160565376282,0.0032404383160316943,0.019921179902995384,0.009909690841063313,0.0
5,State #5,Undamaged,87.5% stiffness reduction in column 1AD and 1BD,0,1,30.3,47.0,67.8,7.0,1.8,0.38,-0.00012161344784544781,0.11661594361066818,-0.006146993022412062,0.01897367462515831,0.11661601066589355,0.2963448464870453,-0.6681434512138367,0.35002443194389343,-0.8616493344306946,0.2387983798980713,0.0016362858142295413,0.06097772430308577,0.0017844094629563157,0.0
5,State #5,Undamaged,87.5% stiffness reduction in column 1AD and 1BD,0,2,30.3,47.0,67.8,7.0,1.8,0.38,-0.00016711039643269032,0.11666275560855865,0.0001375079300487414,0.027492258697748184,0.1166628822684288,0.2973545491695404,-0.6677367091178894,0.3502996265888214,-0.8692187666893005,0.23761650919914246,-0.02139820068239686,-0.0010320802548250418,-0.02834802286582445,0.0
5,State #5,Undamaged,87.5% stiffness reduction in column 1AD and 1BD,0,3,30.3,47.0,67.8,7.0,1.8,0.38,0.00025792315136641264,0.11661431193351746,-0.045158300548791885,-0.048003628849983215,0.11661460250616074,0.2955894470214844,-0.6691473126411438,0.34647101163864136,-0.8706256151199341,0.23288874328136444,-0.015478292257879204,0.03588715172510113,0.01637991038986692,0.0
5,State #5,Undamaged,87.5% stiffness reduction in column 1AD and 1BD,0,4,30.3,47.0,67.8,7.0,1.8,0.38,0.0005408995202742517,0.1164657324552536,-0.013539675623178482,-0.028712736442685127,0.11646698415279388,0.27853116393089294,-0.6723976731300354,0.3331035375595093,-0.862420916557312,0.2268994301557541,-0.0023381930682089313,0.0025282916884859876,0.014494108425208943,0.0
5,State #5,Undamaged,87.5% stiffness reduction in column 1AD and 1BD,0,5,30.3,47.0,67.8,7.0,1.8,0.38,-0.00015521646128036082,0.11654770374298096,0.01553686335682869,-0.0027699791826307774,0.11654780805110931,0.2859971523284912,-0.6566154360771179,0.32673680782318115,-0.859964907169342,0.2123357057571411,0.014423464769576224,-0.032461628421819724,-0.024267496813099886,0.0
5,State #5,Undamaged,87.5% stiffness reduction in column 1AD and 1BD,0,6,30.3,47.0,67.8,7.0,1.8,0.38,-0.0004192649503238499,0.11673280596733093,0.036002665758132935,0.25033438205718994,0.11673355102539062,0.29354801774024963,-0.67552649974823,0.3505508601665497,-0.8618884086608887,0.24362953007221222,0.02333115948524996,0.02480655932182356,-0.0052224696811805195,0.0
5,State #5,Undamaged,87.5% stiffness reduction in column 1AD and 1BD,0,7,30.3,47.0,67.8,7.0,1.8,0.38,5.8581157645676285e-05,0.11671161651611328,-0.012764993123710155,-0.13155238330364227,0.11671163886785507,0.3050616979598999,-0.6617555618286133,0.35802003741264343,-0.8637441396713257,0.24223649501800537,-0.008590567308046823,-0.030470721863863508,0.0019496741714517133,0.0
5,State #5,Undamaged,87.5% stiffness reduction in column 1AD and 1BD,0,8,30.3,47.0,67.8,7.0,1.8,0.38,0.00019850043463520706,0.116474948823452,-0.010901488363742828,-0.10099457949399948,0.11647512018680573,0.27664342522621155,-0.6689348816871643,0.31461668014526367,-0.8674110770225525,0.20896698534488678,0.0008243650765748492,-0.00018843963237017314,0.024144482574098004,0.0
5,State #5,Undamaged,87.5% stiffness reduction in column 1AD and 1BD,0,9,30.3,47.0,67.8,7.0,1.8,0.38,-0.00047263537999242544,0.11645299196243286,0.015093844383955002,-0.15052826702594757,0.11645395308732986,0.29769542813301086,-0.6625704765319824,0.34434422850608826,-0.8654236793518066,0.2301090806722641,-0.011262575594458249,0.017422012334283216,-0.022405879906635284,0.0
5,State #5,Undamaged,87.5% stiffness reduction in column 1AD and 1BD,0,10,30.3,47.0,67.8,7.0,1.8,0.38,-3.1932577257975936e-05,0.1168225035071373,0.01107646431773901,-0.041530802845954895,0.1168225035071373,0.28205499053001404,-0.6725166440010071,0.3323713541030884,-0.8701871633529663,0.22584308683872223,0.005300655238236097,-0.012851976691265468,0.036226435032019735,0.0
6,State #6,Undamaged,87.5% stiffness reduction in column 2BD,0,1,29.7,53.9,65.8,5.3,1.7,1.2,-0.0002619251317810267,0.11690670996904373,0.0017411254812031984,-0.036830656230449677,0.11690700054168701,-0.11714618653059006,-0.6112554669380188,0.15200750529766083,-0.8192480206489563,0.07971186935901642,0.045702491216157604,-0.004557113573317313,-0.009564478154597596,0.0
6,State #6,Undamaged,87.5% stiffness reduction in column 2BD,0,2,29.7,53.9,65.8,5.3,1.7,1.2,-0.00065771205117926,0.1164342612028122,0.003590185660868883,-0.11765013635158539,0.11643611639738083,-0.11751632392406464,-0.6268435716629028,0.1422233134508133,-0.8225464820861816,0.06891655921936035,0.008022867856351777,-0.0284196150615477,0.007752039040664655,0.0
6,State #6,Undamaged,87.5% stiffness reduction in column 2BD,0,3,29.7,53.9,65.8,5.3,1.7,1.2,-0.0001532324677100405,0.11620931327342987,-0.002144697355106473,-0.002439296804368496,0.11620941013097763,-0.10774799436330795,-0.6325167417526245,0.15448060631752014,-0.8331795334815979,0.08537932485342026,-0.014464829811208437,0.013458393636698847,-0.025517483588618394,0.0
6,State #6,Undamaged,87.5% stiffness reduction in column 2BD,0,4,29.7,53.9,65.8,5.3,1.7,1.2,8.414949115831405e-05,0.11617154628038406,-0.01981084980070591,0.032007209956645966,0.11617157608270645,-0.10040704160928726,-0.6325762867927551,0.16234010457992554,-0.8360486626625061,0.09077475219964981,-0.0019097931106836067,-0.00014450270612724917,-0.021453959633067933,0.0
6,State #6,Undamaged,87.5% stiffness reduction in column 2BD,0,5,29.7,53.9,65.8,5.3,1.7,1.2,-0.00017008691793307662,0.11676262319087982,0.011068683117628098,0.13214534521102905,0.11676274985074997,-0.11560188233852386,-0.6178331971168518,0.15764081478118896,-0.8182566165924072,0.08502963185310364,-0.03346240246999278,0.029942687358532748,-0.03292529921128216,0.0
6,State #6,Undamaged,87.5% stiffness reduction in column 2BD,0,6,29.7,53.9,65.8,5.3,1.7,1.2,-0.0004097827186342329,0.116871677339077,0.0029244523029774427,0.03032664582133293,0.1168723925948143,-0.10638655722141266,-0.6250983476638794,0.15893355011940002,-0.8235591650009155,0.08454486727714539,0.011481743360547003,-0.0015990192145128573,-0.007145404930535532,0.0
6,State #6,Undamaged,87.5% stiffness reduction in column 2BD,0,7,29.7,53.9,65.8,5.3,1.7,1.2,-0.00015840379637666047,0.11645858734846115,-0.0011544984299689531,0.01767309382557869,0.11645869165658951,-0.07612958550453186,-0.6133162379264832,0.19400696456432343,-0.8180261254310608,0.11078141629695892,-0.030983378948541036,0.01610955093561048,0.037601718110882316,0.0
6,State #6,Undamaged,87.5% stiffness reduction in column 2BD,0,8,29.7,53.9,65.8,5.3,1.7,1.2,0.00010202529665548354,0.11654309183359146,-0.038064565509557724,0.060853827744722366,0.11654313653707504,-0.11400262266397476,-0.6087070107460022,0.1536717712879181,-0.8188318014144897,0.08078974485397339,-0.0007839504640749818,-0.04566264853509911,-0.03962241752325408,0.0
6,State #6,Undamaged,87.5% stiffness reduction in column 2BD,0,9,29.7,53.9,65.8,5.3,1.7,1.2,-0.0003813243529293686,0.11699946224689484,-0.01184668205678463,-0.027291055768728256,0.11700008064508438,-0.11694010347127914,-0.6102527976036072,0.14835914969444275,-0.815204918384552,0.07487532496452332,0.03169847601928307,0.005842452563795362,-0.006072465074903165,0.0
6,State #6,Undamaged,87.5% stiffness reduction in column 2BD,0,10,29.7,53.9,65.8,5.3,1.7,1.2,-0.0002180880110245198,0.11674584448337555,0.007282014936208725,-0.04033470153808594,0.11674605309963226,-0.10044584423303604,-0.6230365037918091,0.1716429740190506,-0.827059268951416,0.09623353183269501,-0.013130449092112815,0.0026383108279038328,-0.017979100450115124,0.0
7,State #7,Undamaged,87.5% stiffness reduction in column 2AD and 2BD,0,1,28.6,54.2,62.2,5.1,1.7,0.72,-0.0005429829470813274,0.11689234524965286,-0.013120301999151707,-0.03925594314932823,0.11689360439777374,-0.19594857096672058,-0.6135327219963074,0.26699212193489075,-0.8958389163017273,0.25512126088142395,0.03221480172547529,-0.006192492929742062,0.007300389471720445,0.0
7,State #7,Undamaged,87.5% stiffness reduction in column 2AD and 2BD,0,2,28.6,54.2,62.2,5.1,1.7,0.72,0.00037963176146149635,0.11628173291683197,0.028475655242800713,-0.0819084569811821,0.11628235876560211,-0.1740259975194931,-0.6377577185630798,0.3028331995010376,-0.9265435338020325,0.2930781841278076,-0.0007222260313458363,0.05739231974789718,0.010973473524402503,0.0
7,State #7,Undamaged,87.5% stiffness reduction in column 2AD and 2BD,0,3,28.6,54.2,62.2,5.1,1.7,0.72,-3.39816469931975e-05,0.11755091696977615,0.020870916545391083,-0.011933480389416218,0.11755091696977615,-0.15243539214134216,-0.6375969052314758,0.3309800326824188,-0.9311230778694153,0.3115842640399933,0.0121429996362101,0.015839312107381102,-0.046237151570638124,0.0
7,State #7,Undamaged,87.5% stiffness reduction in column 2AD and 2BD,0,4,28.6,54.2,62.2,5.1,1.7,0.72,0.00014086235023569316,0.1165449470281601,0.025250520557165146,-0.021355386823415756,0.11654503643512726,-0.17149986326694489,-0.651141345500946,0.3128989338874817,-0.9321849942207336,0.302700936794281,-0.00015719975004856857,-0.03988525307764514,-0.0080551095500774,0.0
7,State #7,Undamaged,87.5% stiffness reduction in column 2AD and 2BD,0,5,28.6,54.2,62.2,5.1,1.7,0.72,0.0005820633377879858,0.11690820008516312,-0.00923559907823801,-0.07877004146575928,0.11690965294837952,-0.15189948678016663,-0.6415375471115112,0.3344035744667053,-0.9335154294967651,0.315229594707489,0.007419429960668722,-0.015140594032174664,0.013544168009544999,0.0
7,State #7,Undamaged,87.5% stiffness reduction in column 2AD and 2BD,0,6,28.6,54.2,62.2,5.1,1.7,0.72,2.436863724142313e-07,0.11674460023641586,-0.0026953937485814095,-0.07714570313692093,0.11674460023641586,-0.18137452006340027,-0.6341016292572021,0.29662826657295227,-0.9281370639801025,0.2898845970630646,-0.0021517094541761267,0.03260122814913049,0.0030026068586952014,0.0
7,State #7,Undamaged,87.5% stiffness reduction in column 2AD and 2BD,0,7,28.6,54.2,62.2,5.1,1.7,0.72,0.00030556420097127557,0.1170789822936058,-0.005092862993478775,0.07752370089292526,0.11707938462495804,-0.18641814589500427,-0.6223036050796509,0.29650944471359253,-0.9146836400032043,0.2892126739025116,-0.0013711323647488346,-0.020469888174679703,0.011488881159198387,0.0
7,State #7,Undamaged,87.5% stiffness reduction in column 2AD and 2BD,0,8,28.6,54.2,62.2,5.1,1.7,0.72,0.0005512170610018075,0.11640111356973648,0.009753446094691753,-0.004382476210594177,0.11640241742134094,-0.18332721292972565,-0.6325405836105347,0.288622111082077,-0.9208359718322754,0.2797282934188843,-0.03621438417609132,0.0035518096666413397,-0.012062589346193508,0.0
7,State #7,Undamaged,87.5% stiffness reduction in column 2AD and 2BD,0,9,28.6,54.2,62.2,5.1,1.7,0.72,-0.00016654150385875255,0.11661940068006516,0.010765654034912586,0.17259052395820618,0.1166195198893547,-0.1659357100725174,-0.6437440514564514,0.31605878472328186,-0.9353519678115845,0.30515995621681213,0.005463410493796897,-0.006296250068638667,-0.011557073820194783,0.0
7,State #7,Undamaged,87.5% stiffness reduction in column 2AD and 2BD,0,10,28.6,54.2,62.2,5.1,1.7,0.72,-0.0001490867289248854,0.11748004704713821,0.013903796672821045,-0.040872130542993546,0.11748013645410538,-0.15739449858665466,-0.658675491809845,0.32789549231529236,-0.9497223496437073,0.31567949056625366,0.007827507968185422,0.010260475956643991,0.03391114733042211,0.0
8,State #8,Undamaged,87.5% stiffness reduction in column 3BD,0,1,30.2,51.1,69.3,5.6,2.2,0.8,5.6581218814244494e-05,0.11668867617845535,-0.021699178963899612,0.0639650821685791,0.11668869107961655,0.08008592575788498,-0.6132412552833557,0.11744041740894318,-0.7615073919296265,0.010452316142618656,0.0027492587785239875,-0.014394334553566437,-0.0012768121458885877,0.0
8,State #8,Undamaged,87.5% stiffness reduction in column 3BD,0,2,30.2,51.1,69.3,5.6,2.2,0.8,-0.00023387747933156788,0.11624086648225784,0.006336582824587822,0.0271284319460392,0.11624109745025635,0.07478106766939163,-0.6045255661010742,0.110792376101017,-0.7495185732841492,0.003706185147166252,0.01817536068482839,0.012685573188612662,-0.02344093192319917,0.0
8,State #8,Undamaged,87.5% stiffness reduction in column 3BD,0,3,30.2,51.1,69.3,5.6,2.2,0.8,9.400768612977117e-05,0.11676673591136932,0.006486434023827314,0.10079661756753922,0.11676677316427231,0.0806986466050148,-0.609724223613739,0.11142808943986893,-0.7535006403923035,0.0041449181735515594,0.03588140465044405,0.030065561088749096,0.0017163519708927927,0.0
8,State #8,Undamaged,87.5% stiffness reduction in column 3BD,0,4,30.2,51.1,69.3,5.6,2.2,0.8,-0.0005747923860326409,0.11676737666130066,0.0062403930351138115,-0.07365047931671143,0.11676878482103348,0.06140848994255066,-0.6197611689567566,0.09495878219604492,-0.7649649381637573,-0.006335984915494919,-0.010341324410274945,-0.008811883496972194,0.006902772246421361,0.0
8,State #8,Undamaged,87.5% stiffness reduction in column 3BD,0,5,30.2,51.1,69.3,5.6,2.2,0.8,-3.072556864935905e-05,0.11666949838399887,-0.023015018552541733,0.08630707859992981,0.11666950583457947,0.09033045917749405,-0.6059635877609253,0.12964588403701782,-0.7507990598678589,0.018636029213666916,-0.0164963726509991,0.013112253228130586,-0.01901356080589873,0.0
8,State #8,Undamaged,87.5% stiffness reduction in column 3BD,0,6,30.2,51.1,69.3,5.6,2.2,0.8,0.00010996128548868,0.11670055240392685,0.028441326692700386,0.0769234448671341,0.11670060455799103,0.08077055960893631,-0.6108078360557556,0.1178719699382782,-0.7599900364875793,0.010219299234449863,0.029606342518548844,0.01165182198659433,-0.007386879023020501,0.0
8,State #8,Undamaged,87.5% stiffness reduction in column 3BD,0,7,30.2,51.1,69.3,5.6,2.2,0.8,-0.00026847340632230043,0.11665945500135422,-0.025836139917373657,0.1457131803035736,0.11665976792573929,0.10174931585788727,-0.6150526404380798,0.14239738881587982,-0.7531676292419434,0.034290533512830734,-0.013988886833830655,0.016374477863576337,-0.02202604063319526,0.0
8,State #8,Undamaged,87.5% stiffness reduction in column 3BD,0,8,30.2,51.1,69.3,5.6,2.2,0.8,-9.641804354032502e-05,0.11684813350439072,-0.006575208622962236,0.06792763620615005,0.1168481707572937,0.08939789980649948,-0.5965062975883484,0.12907493114471436,-0.7405176758766174,0.015407160855829716,0.038969072129712505,0.01480899920636691,0.00019225849886245444,0.0
8,State #8,Undamaged,87.5% stiffness reduction in column 3BD,0,9,30.2,51.1,69.3,5.6,2.2,0.8,-0.00034161939402110875,0.11669538915157318,-0.038258735090494156,-0.027379538863897324,0.11669588834047318,0.09456852823495865,-0.6095113158226013,0.13149532675743103,-0.7541734576225281,0.02268676832318306,0.005079366673237071,0.021248413955302935,-0.01765465087086759,0.0
8,State #8,Undamaged,87.5% stiffness reduction in column 3BD,0,10,30.2,51.1,69.3,5.6,2.2,0.8,-4.66188503196463e-05,0.11684760451316833,-0.0012018595589324832,-0.07077816873788834,0.11684761196374893,0.08711127936840057,-0.6233439445495605,0.12309907376766205,-0.7622519135475159,0.020829668268561363,0.004318183416198997,-0.031934831102603485,0.025322524719686088,0.0
9,State #9,Undamaged,87.5% stiffness reduction in column 3AD and 3BD,0,1,28.9,47.4,68.0,4.6,2.6,0.8,-0.00026276218704879284,0.11700016260147095,-0.009855829179286957,-0.16014410555362701,0.11700046062469482,0.14780662953853607,-0.6589111685752869,0.2126660794019699,-0.8020509481430054,0.13676036894321442,-0.02393381734425552,-0.003976368437866457,-0.006894147822020248,0.0
9,State #9,Undamaged,87.5% stiffness reduction in column 3AD and 3BD,0,2,28.9,47.4,68.0,4.6,2.6,0.8,3.722166002262384e-05,0.11667661368846893,0.021368490532040596,0.05801183730363846,0.11667661368846893,0.17234253883361816,-0.6648017168045044,0.24447697401046753,-0.8088679313659668,0.16534875333309174,-0.0070427669625673945,-0.011552167228029275,0.005133837563702629,0.0
9,State #9,Undamaged,87.5% stiffness reduction in column 3AD and 3BD,0,3,28.9,47.4,68.0,4.6,2.6,0.8,0.00014814584574196488,0.11653431504964828,-0.015605407766997814,0.08520834147930145,0.11653441190719604,0.15064826607704163,-0.6587823033332825,0.22269290685653687,-0.8049483895301819,0.14520852267742157,-0.008194983892415731,0.02466953860395438,-0.030603257713147043,0.0
9,State #9,Undamaged,87.5% stiffness reduction in column 3AD and 3BD,0,4,28.9,47.4,68.0,4.6,2.6,0.8,-0.00012498028809204698,0.11647555232048035,-0.012795928865671158,0.0689915120601654,0.11647561937570572,0.1557542234659195,-0.6482574343681335,0.2254970222711563,-0.7976905703544617,0.14655284583568573,-0.014695520651310965,-0.0019167509856432533,0.06326591801016418,0.0
9,State #9,Undamaged,87.5% stiffness reduction in column 3AD and 3BD,0,5,28.9,47.4,68.0,4.6,2.6,0.8,0.00024415034567937255,0.11667486280202866,0.016596386209130287,-0.059002406895160675,0.11667511612176895,0.15042728185653687,-0.655876636505127,0.2096303254365921,-0.8040338754653931,0.13152791559696198,0.00872485798886398,-0.028103648797186166,0.0194530360021924,0.0
9,State #9,Undamaged,87.5% stiffness reduction in column 3AD and 3BD,0,6,28.9,47.4,68.0,4.6,2.6,0.8,0.00015400850679725409,0.11666097491979599,-0.019194476306438446,-0.03496400639414787,0.11666107922792435,0.18060548603534698,-0.656126081943512,0.24644047021865845,-0.8000401854515076,0.1631549894809723,-0.0191118404804728,-0.025897824666307558,0.009401026023404693,0.0
9,State #9,Undamaged,87.5% stiffness reduction in column 3AD and 3BD,0,7,28.9,47.4,68.0,4.6,2.6,0.8,-0.00014342721260618418,0.11698152869939804,-0.005262129008769989,0.12958934903144836,0.1169816181063652,0.1430196762084961,-0.6519072651863098,0.20747971534729004,-0.7949743270874023,0.13195420801639557,-0.022649845060967396,-0.05873439226399266,0.03743247998976115,0.0
9,State #9,Undamaged,87.5% stiffness reduction in column 3AD and 3BD,0,8,28.9,47.4,68.0,4.6,2.6,0.8,-0.0003497966972645372,0.11672533303499222,-0.004745484329760075,0.00862034223973751,0.116725854575634,0.15853719413280487,-0.6507667303085327,0.21349844336509705,-0.7959697246551514,0.13531886041164398,0.0031713407331107313,0.008108707348500695,0.02090734606436803,0.0
9,State #9,Undamaged,87.5% stiffness reduction in column 3AD and 3BD,0,9,28.9,47.4,68.0,4.6,2.6,0.8,2.8185138944536448e-05,0.11678572744131088,-0.01627299189567566,-0.06409288942813873,0.11678573489189148,0.15678009390830994,-0.6612985730171204,0.23039811849594116,-0.8045828938484192,0.1542222499847412,-0.008136588112733304,0.03308334117563809,0.025131329874022015,0.0
9,State #9,Undamaged,87.5% stiffness reduction in column 3AD and 3BD,0,10,28.9,47.4,68.0,4.6,2.6,0.8,-0.0004553448234219104,0.11721116304397583,-0.011604148894548416,0.027360890060663223,0.11721205711364746,0.14833000302314758,-0.6516638398170471,0.2103913575410843,-0.7883520126342773,0.13413642346858978,-0.011696836656054588,0.006889216976201904,0.034420346331866435,0.0
10,State #10,Damaged,Gap = 0.20 mm,1,1,31.1,54.4,70.9,6.6,2.1,1.0,-4.242606883053668e-05,0.11640358716249466,0.00780742010101676,0.04727933928370476,0.11640359461307526,0.02223084308207035,-0.5718638896942139,0.03540676459670067,-0.6758193969726562,-0.10909505188465118,0.0005493293962601224,-0.021218405337020185,0.019332928098795582,0.2
10,State #10,Damaged,Gap = 0.20 mm,1,2,31.1,54.4,70.9,6.6,2.1,1.0,-0.00018541015742812306,0.1166536882519722,0.023226818069815636,-0.039429645985364914,0.11665382981300354,0.004246136173605919,-0.597990870475769,0.010149936191737652,-0.6898860931396484,-0.12134762108325958,0.0180309946416102,-0.019711482132617728,0.03288110871777585,0.2
10,State #10,Damaged,Gap = 0.20 mm,1,3,31.1,54.4,70.9,6.6,2.1,1.0,-0.00015251882723532617,0.11645471304655075,-0.011301480233669281,-0.0936313346028328,0.11645481735467911,0.005737676750868559,-0.5759135484695435,0.01796550303697586,-0.6849571466445923,-0.11932067573070526,-0.04003873538175942,0.0437914157716296,-0.018603471450763368,0.2
10,State #10,Damaged,Gap = 0.20 mm,1,4,31.1,54.4,70.9,6.6,2.1,1.0,0.000178065340151079,0.11620405316352844,-0.004254565574228764,-0.09183064848184586,0.11620418727397919,0.010381750762462616,-0.5805420875549316,0.014635956846177578,-0.6802545189857483,-0.12239961326122284,-0.008122407628037736,0.020675891600089088,0.020829790892947293,0.2
10,State #10,Damaged,Gap = 0.20 mm,1,5,31.1,54.4,70.9,6.6,2.1,1.0,2.492926432751119e-05,0.11639229953289032,0.011132478713989258,0.00016617235087323934,0.11639229953289032,0.021248599514365196,-0.5889208912849426,0.025353403761982918,-0.6775211691856384,-0.10865169018507004,-0.03079933518077348,-0.009556303907176123,-0.00752566669181795,0.2
10,State #10,Damaged,Gap = 0.20 mm,1,6,31.1,54.4,70.9,6.6,2.1,1.0,0.000405818282160908,0.11621657013893127,-0.010026020929217339,-0.02974631078541279,0.11621727794408798,0.009363806806504726,-0.597147524356842,0.02620246447622776,-0.690929651260376,-0.10907745361328125,-0.012599178527863292,0.005271197717900371,-0.018333444220482758,0.2
10,State #10,Damaged,Gap = 0.20 mm,1,7,31.1,54.4,70.9,6.6,2.1,1.0,-0.000506170152220875,0.11651498824357986,0.0061185648664832115,-0.030404049903154373,0.11651609092950821,-0.00050971913151443,-0.5831630229949951,0.017567701637744904,-0.6776066422462463,-0.11700176447629929,-0.0015430714698753854,0.050958193043079296,-0.005355111975883843,0.2
10,State #10,Damaged,Gap = 0.20 mm,1,8,31.1,54.4,70.9,6.6,2.1,1.0,0.00011381968215573579,0.11638990789651871,0.030670901760458946,-0.052914660423994064,0.11638996005058289,-0.0021440659184008837,-0.5906352400779724,0.005734704434871674,-0.6884737014770508,-0.1250801384449005,0.00671882271940861,0.028639021493016833,-0.014252720842805091,0.2
10,State #10,Damaged,Gap = 0.20 mm,1,9,31.1,54.4,70.9,6.6,2.1,1.0,0.0006339576793834567,0.11597645282745361,-0.033769357949495316,-0.006032144650816917,0.1159781813621521,0.026926172897219658,-0.5767309665679932,0.0434054471552372,-0.6792054772377014,-0.09501353651285172,0.031431243947122524,0.009012200994327738,-0.0010985580040684271,0.2
10,State #10,Damaged,Gap = 0.20 mm,1,10,31.1,54.4,70.9,6.6,2.1,1.0,9.658714407123625e-05,0.11624407768249512,0.007916365750133991,-0.02157503366470337,0.1162441223859787,0.013844834640622139,-0.5830619931221008,0.028269566595554352,-0.6818210482597351,-0.10802853852510452,0.03502004125478728,-0.006804320532555895,0.01839319442505979,0.2
11,State #11,Damaged,Gap = 0.15 mm,1,1,31.7,54.5,70.9,7.0,1.9,0.93,-0.00021143347839824855,0.11620041728019714,-0.01851677894592285,-0.12132705748081207,0.11620060354471207,0.052394989877939224,-0.5829004049301147,0.04573247209191322,-0.7045150399208069,-0.09683005511760712,-0.004790163486192348,0.006670945254565346,-0.014657194019989352,0.15
11,State #11,Damaged,Gap = 0.15 mm,1,2,31.7,54.5,70.9,7.0,1.9,0.93,0.00011346157407388091,0.11596760153770447,0.013469790108501911,-0.04543954133987427,0.11596765369176865,0.03454763442277908,-0.5774971842765808,0.03155836835503578,-0.6992350816726685,-0.1077747792005539,-0.019833896618941263,0.01438725206713309,0.04465642955394756,0.15
11,State #11,Damaged,Gap = 0.15 mm,1,3,31.7,54.5,70.9,7.0,1.9,0.93,-8.845371485222131e-05,0.11553508043289185,-0.02495873160660267,-0.0929059237241745,0.11553511023521423,0.04011686518788338,-0.5827555060386658,0.03590462729334831,-0.7011902928352356,-0.10513126850128174,-0.007006443428770575,0.020379177662746585,-0.011260611927471171,0.15
11,State #11,Damaged,Gap = 0.15 mm,1,4,31.7,54.5,70.9,7.0,1.9,0.93,0.0002216228749603033,0.11562061309814453,-0.010579708032310009,-0.059967562556266785,0.11562082171440125,0.03643738850951195,-0.5850918889045715,0.023961160331964493,-0.7070684432983398,-0.1142842099070549,-0.013879608996543552,-0.03552004365521096,-0.020993987265685066,0.15
11,State #11,Damaged,Gap = 0.15 mm,1,5,31.7,54.5,70.9,7.0,1.9,0.93,0.0001338402507826686,0.11610148102045059,0.025041090324521065,-0.0052593606524169445,0.11610155552625656,0.04360676184296608,-0.5690723657608032,0.047402624040842056,-0.6898683905601501,-0.09991874545812607,-0.01322685189216905,0.008754937526763143,-0.042096119208713596,0.15
11,State #11,Damaged,Gap = 0.15 mm,1,6,31.7,54.5,70.9,7.0,1.9,0.93,-0.0003988813259638846,0.11639130860567093,0.02056364342570305,-0.10148920118808746,0.11639199405908585,0.029994795098900795,-0.5971465110778809,0.011753076687455177,-0.7216063737869263,-0.1267618089914322,0.010999018825045299,0.00582787102689498,0.012222794711326151,0.15
11,State #11,Damaged,Gap = 0.15 mm,1,7,31.7,54.5,70.9,7.0,1.9,0.93,-0.0007880128105171025,0.11594078689813614,-0.0025312642101198435,-0.02809809520840645,0.11594346910715103,0.02837277017533779,-0.5848551988601685,0.015474803745746613,-0.7074792385101318,-0.11855623126029968,-0.0007034237511240034,0.01387169686725091,-0.018074963659519702,0.15
11,State #11,Damaged,Gap = 0.15 mm,1,8,31.7,54.5,70.9,7.0,1.9,0.93,-0.00013853894779458642,0.11596702039241791,-0.004986914806067944,-0.03970435634255409,0.11596710234880447,0.03887362405657768,-0.5847745537757874,0.031023653224110603,-0.7025911808013916,-0.11008702963590622,0.022844470674847937,0.024267036454975004,-0.014211332988754486,0.15
11,State #11,Damaged,Gap = 0.15 mm,1,9,31.7,54.5,70.9,7.0,1.9,0.93,4.138302756473422e-06,0.11666145920753479,0.005286790430545807,-0.03074684739112854,0.1166614517569542,0.03371380269527435,-0.5933108925819397,0.015067669562995434,-0.7217388153076172,-0.12099937349557877,0.00027409334305888517,0.043594943868650274,-0.02479641205750918,0.15
11,State #11,Damaged,Gap = 0.15 mm,1,10,31.7,54.5,70.9,7.0,1.9,0.93,0.00024289003340527415,0.11603067815303802,-0.02047124132514,-0.02125946246087551,0.11603093147277832,0.042807579040527344,-0.5896339416503906,0.03454892709851265,-0.703345537185669,-0.10634016245603561,0.026939332376593194,-0.008665596754815335,-0.010061019060151104,0.15
12,State #12,Damaged,Gap = 0.13 mm,1,1,31.8,54.9,71.2,6.3,1.9,1.0,0.00012999209866393358,0.11594042927026749,0.01336676999926567,0.030129065737128258,0.11594051122665405,0.020090453326702118,-0.5889291167259216,-0.0051239244639873505,-0.7032905220985413,-0.14976799488067627,-0.015607944897044734,-0.030291248495987716,-0.01927074700875675,0.13
12,State #12,Damaged,Gap = 0.13 mm,1,2,31.8,54.9,71.2,6.3,1.9,1.0,2.6071567845065147e-05,0.11589555442333221,-0.021428000181913376,-0.1434861123561859,0.11589555442333221,-0.006136457901448011,-0.5996965169906616,-0.029139671474695206,-0.7143849730491638,-0.16207283735275269,-0.011121673715171317,0.008830976669284686,-0.007903600350829149,0.13
12,State #12,Damaged,Gap = 0.13 mm,1,3,31.8,54.9,71.2,6.3,1.9,1.0,0.00030157575383782387,0.11651121079921722,0.01984769105911255,-0.05593687668442726,0.11651160567998886,-0.017513422295451164,-0.5952261090278625,-0.03627094253897667,-0.7028642892837524,-0.17170017957687378,0.020192097106424958,-0.00763346455892388,-0.012473808011980085,0.13
12,State #12,Damaged,Gap = 0.13 mm,1,4,31.8,54.9,71.2,6.3,1.9,1.0,0.00022477281163446605,0.11577996611595154,0.029801668599247932,-0.0469772070646286,0.11578018218278885,-0.004622673615813255,-0.5802231431007385,-0.020482031628489494,-0.6983293890953064,-0.15918484330177307,-0.014191011541779352,0.0016513101738389263,0.031764067577820625,0.13
12,State #12,Damaged,Gap = 0.13 mm,1,5,31.8,54.9,71.2,6.3,1.9,1.0,-0.0003684498369693756,0.11544382572174072,-0.0016605291748419404,-0.06884925812482834,0.11544441431760788,0.05025419220328331,-0.5865704417228699,0.03450188413262367,-0.6990386247634888,-0.10901734977960587,0.01286944648551168,0.016374234420011093,0.027663348477595044,0.13
12,State #12,Damaged,Gap = 0.13 mm,1,6,31.8,54.9,71.2,6.3,1.9,1.0,-7.24556521163322e-05,0.11619853228330612,0.017361246049404144,-0.017873188480734825,0.11619855463504791,0.012984705157577991,-0.5886396169662476,-0.0069275470450520515,-0.7077800631523132,-0.1463342010974884,-0.02955159978075596,-0.01426808470164169,0.0157032460757045,0.13
12,State #12,Damaged,Gap = 0.13 mm,1,7,31.8,54.9,71.2,6.3,1.9,1.0,0.00012215990864206105,0.11656562238931656,0.017454396933317184,-0.11684758216142654,0.11656568199396133,-0.005228421185165644,-0.5903137922286987,-0.042404815554618835,-0.7140244245529175,-0.17860974371433258,0.007827754928457203,0.006025136788918323,0.024610667113072394,0.13
12,State #12,Damaged,Gap = 0.13 mm,1,8,31.8,54.9,71.2,6.3,1.9,1.0,-0.00047329411609098315,0.11579731851816177,0.0018855063244700432,-0.0871407687664032,0.11579828709363937,0.01392506342381239,-0.5887734889984131,-0.006583079695701599,-0.7029410004615784,-0.14571261405944824,0.026616046771672466,-0.0069743752950680886,0.013314787831936948,0.13
12,State #12,Damaged,Gap = 0.13 mm,1,9,31.8,54.9,71.2,6.3,1.9,1.0,-0.0002147494669770822,0.11577429622411728,0.05787166580557823,-0.051992978900671005,0.1157744973897934,0.0322401262819767,-0.5850657224655151,0.020626388490200043,-0.6914860010147095,-0.12397459149360657,0.005851431066304032,-0.012554645434494369,0.003807726255315023,0.13
12,State #12,Damaged,Gap = 0.13 mm,1,10,31.8,54.9,71.2,6.3,1.9,1.0,0.00022063383948989213,0.1160387471318245,0.023483363911509514,-0.11187762022018433,0.11603895574808121,0.0290225837379694,-0.5972446799278259,-0.002227664925158024,-0.7147917151451111,-0.1423628181219101,-0.005709831409860182,-0.02509949183780377,-0.04478797728744584,0.13
13,State #13,Damaged,Gap = 0.10 mm,1,1,32.4,55.2,71.4,6.3,1.9,1.0,-0.00040155809256248176,0.11543293297290802,0.03281112015247345,-0.15535877645015717,0.11543363332748413,0.013642982579767704,-0.6000099182128906,-0.03933832421898842,-0.7255225777626038,-0.17623691260814667,0.0030564308906428565,0.04016393577782522,-0.031149584142225482,0.1
13,State #13,Damaged,Gap = 0.10 mm,1,2,32.4,55.2,71.4,6.3,1.9,1.0,-0.000188236910616979,0.11511195451021194,-0.003948030062019825,-0.0336676649749279,0.11511211097240448,0.004376070573925972,-0.5878016352653503,-0.04330899193882942,-0.7178236246109009,-0.1820296049118042,-0.01966816107432067,0.03465944539044405,-0.0010685600550916828,0.1
13,State #13,Damaged,Gap = 0.10 mm,1,3,32.4,55.2,71.4,6.3,1.9,1.0,0.00015488354256376624,0.11547937244176865,0.07399444282054901,-0.059134237468242645,0.115479476749897,0.025980940088629723,-0.6029532551765442,-0.020438382402062416,-0.715751051902771,-0.15871454775333405,0.01396343548997476,0.012121204368907125,-0.02619788199252276,0.1
13,State #13,Damaged,Gap = 0.10 mm,1,4,32.4,55.2,71.4,6.3,1.9,1.0,-2.9103801352903247e-05,0.11459702253341675,-0.0027512111701071262,-0.03341642767190933,0.11459702998399734,0.010117742232978344,-0.5979079008102417,-0.03909774869680405,-0.7249076962471008,-0.17531070113182068,-0.010048867816057204,0.029188204810057277,0.012611517282306365,0.1
13,State #13,Damaged,Gap = 0.10 mm,1,5,32.4,55.2,71.4,6.3,1.9,1.0,0.00019325342145748436,0.11531846225261688,0.006268271245062351,-0.09598305076360703,0.11531862616539001,0.0038103479892015457,-0.5873463749885559,-0.04654547944664955,-0.7156238555908203,-0.1878945380449295,0.006337465217536015,-0.00395862971981651,-0.00837822147292024,0.1
13,State #13,Damaged,Gap = 0.10 mm,1,6,32.4,55.2,71.4,6.3,1.9,1.0,0.0002507288591004908,0.11531547456979752,0.026520291343331337,-0.10617071390151978,0.1153157502412796,0.00015878980048000813,-0.6040235161781311,-0.05539857596158981,-0.7340520620346069,-0.1914968192577362,-0.0005309719977985715,-0.0026013171882331176,0.0011578030373272914,0.1
13,State #13,Damaged,Gap = 0.10 mm,1,7,32.4,55.2,71.4,6.3,1.9,1.0,-0.000829140015412122,0.11576873809099197,0.014196544885635376,-0.13088349997997284,0.11577170342206955,0.018205760046839714,-0.5913805961608887,-0.021712414920330048,-0.7080423831939697,-0.1618506759405136,-0.03494767287486068,0.03884861698760239,-0.005258781004893923,0.1
13,State #13,Damaged,Gap = 0.10 mm,1,8,32.4,55.2,71.4,6.3,1.9,1.0,0.00013756963016930968,0.11619195342063904,0.04690036550164223,-0.08536120504140854,0.11619202792644501,0.01727883517742157,-0.5971220135688782,-0.03189224749803543,-0.7195581197738647,-0.1718958467245102,0.005883104009485823,0.00815380052127008,0.023272714111416074,0.1
13,State #13,Damaged,Gap = 0.10 mm,1,9,32.4,55.2,71.4,6.3,1.9,1.0,-0.00043254531919956207,0.11478691548109055,-0.06656208634376526,-0.11468888819217682,0.11478773504495621,0.014073653146624565,-0.5993698835372925,-0.04174687713384628,-0.7274152040481567,-0.18030458688735962,0.003269537062279147,-0.01677699176978484,-0.0079356457098348,0.1
13,State #13,Damaged,Gap = 0.10 mm,1,10,32.4,55.2,71.4,6.3,1.9,1.0,5.8477970014791936e-05,0.115358367562294,0.005463454872369766,-0.11957322806119919,0.1153583824634552,0.03136156499385834,-0.594124972820282,-0.013805056922137737,-0.7087754607200623,-0.15205687284469604,-0.02417871285961847,0.007899258330811775,0.005480294698256369,0.1
14,State #14,Damaged,Gap = 0.05 mm,1,1,33.5,57.6,74.2,7.1,2.2,0.97,0.000664020306430757,0.11126857250928879,-0.0029985709115862846,-0.21977974474430084,0.11127055436372757,0.011163989081978798,-0.5644263625144958,-0.12652640044689178,-0.637787401676178,-0.2937464416027069,0.0019887568125703725,0.029196209163691526,0.015628215374361525,0.05
14,State #14,Damaged,Gap = 0.05 mm,1,2,33.5,57.6,74.2,7.1,2.2,0.97,0.00021384407591540366,0.111960768699646,0.023489877581596375,-0.24301475286483765,0.11196096986532211,0.0053950282745063305,-0.5638643503189087,-0.13172492384910583,-0.6377705335617065,-0.3012729585170746,-0.018424644385641276,-0.001762251577851371,-0.017394565132709157,0.05
14,State #14,Damaged,Gap = 0.05 mm,1,3,33.5,57.6,74.2,7.1,2.2,0.97,-0.0002468347374815494,0.11124089360237122,-0.01805657148361206,-0.234868586063385,0.1112411692738533,0.004426019266247749,-0.5718060731887817,-0.13889290392398834,-0.6286695599555969,-0.3070578873157501,-0.018245796533205617,0.023361649427187693,-0.0491155783285587,0.05
14,State #14,Damaged,Gap = 0.05 mm,1,4,33.5,57.6,74.2,7.1,2.2,0.97,-1.7437298083677888e-05,0.11163192987442017,0.0060970354825258255,-0.276984304189682,0.11163192242383957,0.03209172561764717,-0.5572665333747864,-0.11761022359132767,-0.6366140842437744,-0.2922436594963074,0.03241351472181833,0.008700562106859088,0.0031164506344236306,0.05
14,State #14,Damaged,Gap = 0.05 mm,1,5,33.5,57.6,74.2,7.1,2.2,0.97,9.841271094046533e-05,0.11151717603206635,-0.0035955184139311314,-0.24440717697143555,0.11151722073554993,0.013611679896712303,-0.5424968004226685,-0.1210341528058052,-0.6226277351379395,-0.2971021831035614,0.006666168835692518,0.023975674615799036,-0.023231162704776365,0.05
14,State #14,Damaged,Gap = 0.05 mm,1,6,33.5,57.6,74.2,7.1,2.2,0.97,-0.0006019887514412403,0.11244398355484009,0.014041860587894917,-0.2531270384788513,0.11244559288024902,-0.0027021821588277817,-0.5624111890792847,-0.1401902586221695,-0.6303611993789673,-0.31341132521629333,5.7972671804907284e-05,0.001854038765571836,-0.029060919707470493,0.05
14,State #14,Damaged,Gap = 0.05 mm,1,7,33.5,57.6,74.2,7.1,2.2,0.97,0.00014116146485321224,0.11180583387613297,0.014042012393474579,-0.18719340860843658,0.11180593073368073,0.0023218318819999695,-0.5760340690612793,-0.13570228219032288,-0.6339676380157471,-0.3033432066440582,-0.003626828139566892,0.012602631283417084,0.0020934104836294255,0.05
14,State #14,Damaged,Gap = 0.05 mm,1,8,33.5,57.6,74.2,7.1,2.2,0.97,-0.00012562633492052555,0.11232250183820724,0.05531736835837364,-0.23550505936145782,0.11232256889343262,0.019501004368066788,-0.5549687147140503,-0.12813648581504822,-0.6445041298866272,-0.30813077092170715,-0.0070076360406546925,0.004791859636417206,-0.0021168430707946026,0.05
14,State #14,Damaged,Gap = 0.05 mm,1,9,33.5,57.6,74.2,7.1,2.2,0.97,-2.6403511583339423e-05,0.11180255562067032,-0.015702929347753525,-0.141010582447052,0.11180256307125092,0.0025847801007330418,-0.5867844223976135,-0.14627115428447723,-0.6379820108413696,-0.3084333539009094,-0.033024609870097366,-0.033425717710861384,-0.0007330716397274123,0.05
14,State #14,Damaged,Gap = 0.05 mm,1,10,33.5,57.6,74.2,7.1,2.2,0.97,0.00015576733858324587,0.11217091232538223,-0.015930606052279472,-0.20776064693927765,0.11217102408409119,0.023951560258865356,-0.5599056482315063,-0.11873658001422882,-0.6296280026435852,-0.29016605019569397,0.0031624464193377917,-0.023020465696640124,0.0068704463030501125,0.05
15,State #15,Damaged,Gap = 0.20 mm and mass = 1.2 kg at the base,1,1,31.6,54.0,71.1,5.4,1.6,0.73,-0.0005771488649770617,0.11641363054513931,-0.01547160092741251,-0.03197675943374634,0.11641506105661392,0.04795537516474724,-0.6082338094711304,0.01449439488351345,-0.7324947714805603,-0.11558046191930771,0.006328947832792521,-0.016158449459183037,0.013208654701436185,0.2
15,State #15,Damaged,Gap = 0.20 mm and mass = 1.2 kg at the base,1,2,31.6,54.0,71.1,5.4,1.6,0.73,4.8968999180942774e-05,0.11551851034164429,0.00807533971965313,-0.06899198889732361,0.11551852524280548,0.031578224152326584,-0.6130877137184143,-0.004983485676348209,-0.7260887026786804,-0.12926997244358063,-0.019314341213578282,0.021143443649248847,-0.005580480280134047,0.2
15,State #15,Damaged,Gap = 0.20 mm and mass = 1.2 kg at the base,1,3,31.6,54.0,71.1,5.4,1.6,0.73,-0.0001447696122340858,0.11651905626058578,-0.02944938652217388,-0.1411624401807785,0.11651914566755295,0.04894748702645302,-0.5997499823570251,0.021011509001255035,-0.7209002375602722,-0.11050105839967728,0.01905753655871396,-0.01534269043345995,-0.023842325672451398,0.2
15,State #15,Damaged,Gap = 0.20 mm and mass = 1.2 kg at the base,1,4,31.6,54.0,71.1,5.4,1.6,0.73,-0.00023853039601817727,0.11578644812107086,-0.027768177911639214,-0.014723429456353188,0.11578668653964996,0.026508724316954613,-0.6143322587013245,-0.021274596452713013,-0.7378249168395996,-0.1420695185661316,0.0031324303012486556,-0.01008576961928882,-0.027406779908733997,0.2
15,State #15,Damaged,Gap = 0.20 mm and mass = 1.2 kg at the base,1,5,31.6,54.0,71.1,5.4,1.6,0.73,5.0376009312458336e-05,0.11633996665477753,0.0005204844637773931,-0.003633765736594796,0.11633997410535812,0.03131271153688431,-0.6048268675804138,-0.0024663391523063183,-0.7239227890968323,-0.13254734873771667,0.013621088588830632,0.02239946600380427,0.027496006118134065,0.2
15,State #15,Damaged,Gap = 0.20 mm and mass = 1.2 kg at the base,1,6,31.6,54.0,71.1,5.4,1.6,0.73,7.695431122556329e-06,0.11603537201881409,0.02614816278219223,0.02538643218576908,0.11603537201881409,0.06076619774103165,-0.59904944896698,0.024445027112960815,-0.7231138944625854,-0.10752701759338379,-0.028961427184135725,-0.04005659671954599,-0.010689894845273742,0.2
15,State #15,Damaged,Gap = 0.20 mm and mass = 1.2 kg at the base,1,7,31.6,54.0,71.1,5.4,1.6,0.73,-2.81295579043217e-05,0.11654528975486755,0.021091239526867867,-0.1848617047071457,0.11654528975486755,0.03446127474308014,-0.6159672141075134,-0.006176785100251436,-0.7385261654853821,-0.13065196573734283,0.00542825821508946,0.012202740188509812,0.009721763145572505,0.2
15,State #15,Damaged,Gap = 0.20 mm and mass = 1.2 kg at the base,1,8,31.6,54.0,71.1,5.4,1.6,0.73,0.00016628630692139268,0.11608322709798813,0.010031580924987793,0.048643339425325394,0.11608334630727768,0.04452558606863022,-0.609146773815155,0.014486979693174362,-0.723060667514801,-0.11199342459440231,0.031532120679616304,-0.017121117800095877,0.019486691319819505,0.2
15,State #15,Damaged,Gap = 0.20 mm and mass = 1.2 kg at the base,1,9,31.6,54.0,71.1,5.4,1.6,0.73,0.00010057398321805522,0.11610984057188034,0.028280243277549744,0.11240150034427643,0.11610987782478333,0.03457671403884888,-0.6074536442756653,-0.00019065378000959754,-0.7288388609886169,-0.12739311158657074,0.024961016943527422,-0.006696830041432573,-0.003728064066927739,0.2
15,State #15,Damaged,Gap = 0.20 mm and mass = 1.2 kg at the base,1,10,31.6,54.0,71.1,5.4,1.6,0.73,0.0002367840352235362,0.11637655645608902,-0.008999726735055447,0.12550532817840576,0.11637679487466812,0.03293730691075325,-0.6053144335746765,-0.00859542191028595,-0.7212777733802795,-0.13705213367938995,0.008603323740566741,-0.044052569856026326,-0.015404096282979738,0.2
16,State #16,Damaged,Gap = 0.20 mm and mass = 1.2 kg on the 1st floor,1,1,31.0,53.4,68.3,5.3,2.3,0.82,0.00028274633223190904,0.11652115732431412,0.013854004442691803,-0.004033536184579134,0.11652150005102158,0.005295652896165848,-0.6407524347305298,0.09851030260324478,-0.8084043264389038,-0.007617977913469076,0.04257782510575109,0.008629726676455512,0.022295583026678605,0.2
16,State #16,Damaged,Gap = 0.20 mm and mass = 1.2 kg on the 1st floor,1,2,31.0,53.4,68.3,5.3,2.3,0.82,-0.00023794989101588726,0.11654441058635712,-0.004286597017198801,-0.00036470440682023764,0.11654465645551682,-0.003995080944150686,-0.6313030123710632,0.08921319991350174,-0.7982051372528076,-0.01493785809725523,-0.015110259032233576,-0.01195616401917412,0.008461768215570733,0.2
16,State #16,Damaged,Gap = 0.20 mm and mass = 1.2 kg on the 1st floor,1,3,31.0,53.4,68.3,5.3,2.3,0.82,0.00023233896354213357,0.11593451350927353,-0.0022939422633498907,-0.00028502463828772306,0.11593474447727203,0.009466048330068588,-0.6384353637695312,0.10341169685125351,-0.8079714775085449,-0.0012919873697683215,-0.027114893994093184,0.0016932737260025971,0.016916296499478338,0.2
16,State #16,Damaged,Gap = 0.20 mm and mass = 1.2 kg on the 1st floor,1,4,31.0,53.4,68.3,5.3,2.3,0.82,1.0969728464260697e-05,0.11548557132482529,0.02845161221921444,-0.07943770289421082,0.11548557132482529,0.009422864764928818,-0.6373522877693176,0.1126474067568779,-0.8008173108100891,0.008568190038204193,-0.006094896878185383,-0.02847275040788923,0.03365060534653268,0.2
16,State #16,Damaged,Gap = 0.20 mm and mass = 1.2 kg on the 1st floor,1,5,31.0,53.4,68.3,5.3,2.3,0.82,0.0001699464482953772,0.11639278382062912,-0.012961765751242638,-0.05379410460591316,0.11639291048049927,-0.005441793706268072,-0.6357932090759277,0.0848405584692955,-0.8014469146728516,-0.018274500966072083,-0.015380889004414203,0.012887261654618653,-0.006713772281825206,0.2
16,State #16,Damaged,Gap = 0.20 mm and mass = 1.2 kg on the 1st floor,1,6,31.0,53.4,68.3,5.3,2.3,0.82,0.0003501168393995613,0.11645880341529846,-0.028839517384767532,0.04570485278964043,0.11645933240652084,0.012088162824511528,-0.6289356350898743,0.1046954020857811,-0.8002505898475647,-0.0035632564686238766,0.021620096842126863,0.008998449856488318,-0.02909469341261745,0.2
16,State #16,Damaged,Gap = 0.20 mm and mass = 1.2 kg on the 1st floor,1,7,31.0,53.4,68.3,5.3,2.3,0.82,-0.00018871805514208972,0.11597797274589539,0.002065810840576887,-0.05371537432074547,0.11597812920808792,0.017698563635349274,-0.6418895125389099,0.11357783526182175,-0.8010631799697876,0.005962079856544733,0.025351811054784058,0.04636841705924666,0.0202326179602793,0.2
16,State #16,Damaged,Gap = 0.20 mm and mass = 1.2 kg on the 1st floor,1,8,31.0,53.4,68.3,5.3,2.3,0.82,0.0003083391347900033,0.11620424687862396,-0.011247261427342892,-0.04693407937884331,0.1162046566605568,0.006990786641836166,-0.647149920463562,0.09759075194597244,-0.8169061541557312,-0.0036648157984018326,-0.018874431543390035,-0.01548948672854525,0.006771934570754864,0.2
16,State #16,Damaged,Gap = 0.20 mm and mass = 1.2 kg on the 1st floor,1,9,31.0,53.4,68.3,5.3,2.3,0.82,-9.80352851911448e-05,0.1162516251206398,-0.009934941306710243,-0.10315456986427307,0.11625166237354279,0.015485533513128757,-0.6318603157997131,0.1055922582745552,-0.7974016070365906,-0.004075511824339628,-0.014143533870631263,0.006625549735888498,0.011264315502299104,0.2
16,State #16,Damaged,Gap = 0.20 mm and mass = 1.2 kg on the 1st floor,1,10,31.0,53.4,68.3,5.3,2.3,0.82,-0.00041680451249703765,0.11694718897342682,0.0016337307170033455,-0.031904447823762894,0.11694793403148651,-0.0015936337877064943,-0.6344105005264282,0.09863554686307907,-0.8096042275428772,-0.00588919036090374,-0.014210246986067123,-0.011821758546814911,0.03004367481051961,0.2
17,State #17,Damaged,Gap = 0.10 mm and mass = 1.2 kg on the 1st floor,1,1,32.3,54.4,69.2,5.0,2.2,0.8,-0.00015177653403952718,0.11502573639154434,0.007016061805188656,-0.10156502574682236,0.1150258332490921,0.009068431332707405,-0.6511017084121704,0.024072548374533653,-0.8262004256248474,-0.08734770119190216,-0.025902055234032835,-0.0073549453999202635,-0.02529405433026951,0.1
17,State #17,Damaged,Gap = 0.10 mm and mass = 1.2 kg on the 1st floor,1,2,32.3,54.4,69.2,5.0,2.2,0.8,-6.305616989266127e-05,0.11528763920068741,-0.002477846806868911,-0.1316964030265808,0.1152876541018486,0.00711498549208045,-0.6522314548492432,0.016492057591676712,-0.8201978802680969,-0.09419215470552444,0.001384624839125716,-0.020287744471851644,0.01945309384108635,0.1
17,State #17,Damaged,Gap = 0.10 mm and mass = 1.2 kg on the 1st floor,1,3,32.3,54.4,69.2,5.0,2.2,0.8,0.00013122396194376051,0.11513005942106247,-0.00705263577401638,-0.07213029265403748,0.11513014137744904,0.0006624367088079453,-0.6520534753799438,0.017300831153988838,-0.8293492794036865,-0.0898553729057312,-0.01844307350420932,-0.004153316086707323,0.012613121962628933,0.1
17,State #17,Damaged,Gap = 0.10 mm and mass = 1.2 kg on the 1st floor,1,4,32.3,54.4,69.2,5.0,2.2,0.8,0.00032527907751500607,0.11537568271160126,-0.04620739817619324,-0.024962108582258224,0.11537614464759827,0.027387777343392372,-0.6404171586036682,0.052868012338876724,-0.8245294690132141,-0.06283269077539444,-0.016112476617281716,0.011852450860470619,-0.007370785363198517,0.1
17,State #17,Damaged,Gap = 0.10 mm and mass = 1.2 kg on the 1st floor,1,5,32.3,54.4,69.2,5.0,2.2,0.8,-0.0005508979083970189,0.11570528149604797,0.02820088341832161,-0.0724269226193428,0.11570659279823303,0.00848464760929346,-0.6483359336853027,0.026964858174324036,-0.8207368850708008,-0.08365752547979355,-0.0017113916666406518,0.04660811784965853,0.06385496251434665,0.1
17,State #17,Damaged,Gap = 0.10 mm and mass = 1.2 kg on the 1st floor,1,6,32.3,54.4,69.2,5.0,2.2,0.8,-0.0002037293597823009,0.11597801744937897,0.021609077230095863,-0.10667409747838974,0.1159781888127327,0.019699694588780403,-0.635579526424408,0.04327181726694107,-0.8052846193313599,-0.07588180899620056,-0.007041135676422421,-0.0255799881444643,-0.0024707403492821483,0.1
17,State #17,Damaged,Gap = 0.10 mm and mass = 1.2 kg on the 1st floor,1,7,32.3,54.4,69.2,5.0,2.2,0.8,7.035092858131975e-05,0.11530645936727524,-0.015655791386961937,-0.008910922333598137,0.11530648171901703,0.005790542811155319,-0.663666844367981,0.008488309569656849,-0.852533757686615,-0.09800358861684799,-0.021598318863736577,-0.010734119232288767,0.010974495183840449,0.1
17,State #17,Damaged,Gap = 0.10 mm and mass = 1.2 kg on the 1st floor,1,8,32.3,54.4,69.2,5.0,2.2,0.8,-0.0005595311522483826,0.11509677022695541,0.01255666371434927,-0.1378180980682373,0.11509813368320465,-0.0020860685035586357,-0.638207197189331,0.019584739580750465,-0.8074679374694824,-0.08984566479921341,0.01266085539050999,-0.008222267833182372,-0.018587533140089287,0.1
17,State #17,Damaged,Gap = 0.10 mm and mass = 1.2 kg on the 1st floor,1,9,32.3,54.4,69.2,5.0,2.2,0.8,-0.0004760581941809505,0.11546747386455536,0.0007425827207043767,-0.09336665272712708,0.11546844989061356,0.019507016986608505,-0.6375522613525391,0.045230694115161896,-0.8175227642059326,-0.07181046158075333,0.000982366372377793,0.0019541305606192833,0.018136680024893468,0.1
17,State #17,Damaged,Gap = 0.10 mm and mass = 1.2 kg on the 1st floor,1,10,32.3,54.4,69.2,5.0,2.2,0.8,0.0003209697315469384,0.11479635536670685,-0.02208765596151352,-0.05054062604904175,0.11479680985212326,0.011370277032256126,-0.6523643136024475,0.030234815552830696,-0.812525749206543,-0.0800601989030838,0.013795404813840945,-0.014021662993156821,-0.014376505447271239,0.1
